﻿<Module>
  <Name value="Character Reload"/>
  <Id value="CharacterReload"/>
  <Version value="v1.5.3.8"/>
  <SingleplayerModule value="true"/>
  <MultiplayerModule value="false"/>
  <DependedModules>
    <DependedModule Id="Native"/>
    <DependedModule Id="SandBoxCore"/>
    <DependedModule Id="Sandbox"/>
    <DependedModule Id="StoryMode" />
  </DependedModules>
  <SubModules>
    <SubModule>
      <Name value="CharacterReload"/>
      <DLLName value="CharacterReload.dll"/>
      <SubModuleClassType value="CharacterReload.SubModule"/>
      <Tags>
        <Tag key="DedicatedServerType" value="none" />
        <Tag key="IsNoRenderModeElement" value="false" />
      </Tags>
    </SubModule>
  </SubModules>
  <Xmls/>
</Module>