<Prefab>
  <Constants>
    <Constant Name="Clan.Header.Width" BrushLayer="Default" BrushName="Clan.Header" BrushValueType="Width" />
    <Constant Name="Clan.Header.Height" BrushLayer="Default" BrushName="Clan.Header" BrushValueType="Height" />

    <Constant Name="Clan.Management.Collapser.Width" BrushLayer="Default" BrushName="Clan.Management.Collapser" BrushValueType="Width" />
    <Constant Name="Clan.Management.Collapser.Height" BrushLayer="Default" BrushName="Clan.Management.Collapser" BrushValueType="Height" />
    
    <Constant Name="Clan.Management.LeftTuple.Width" BrushLayer="Default" BrushName="Clan.Management.LeftTuple" BrushValueType="Width" />
    <Constant Name="Clan.Management.LeftTuple.Height" BrushLayer="Default" BrushName="Clan.Management.LeftTuple" BrushValueType="Height" />

    <Constant Name="Clan.Management.LeftTupleLocked.Width" BrushLayer="Default" BrushName="Clan.Management.LeftTupleLocked" BrushValueType="Width" />
    <Constant Name="Clan.Management.LeftTupleLocked.Height" BrushLayer="Default" BrushName="Clan.Management.LeftTupleLocked" BrushValueType="Height" />

    <Constant Name="Scroll.Header.Width" BrushLayer="Default" BrushName="Scroll.Header" BrushValueType="Width" />
    <Constant Name="Scroll.Header.Height" BrushLayer="Default" BrushName="Scroll.Header" BrushValueType="Height" />
    
    <Constant Name="Popup.CloseButton.Width" BrushLayer="Default" BrushName="Popup.CloseButton" BrushValueType="Width" />
    <Constant Name="Popup.CloseButton.Height" BrushLayer="Default" BrushName="Popup.CloseButton" BrushValueType="Height" />
  </Constants>
  
  <Window>
    <Widget Id="ClanMembersWidget" WidthSizePolicy="StretchToParent" HeightSizePolicy="StretchToParent" IsVisible="@IsSelected">
      <Children>
        <ListPanel WidthSizePolicy="StretchToParent" HeightSizePolicy="StretchToParent" LayoutImp.LayoutMethod="HorizontalRightToLeft">
          <Children>
            
            <!--Right Panel-->
            <Widget WidthSizePolicy="StretchToParent" HeightSizePolicy="StretchToParent" MarginLeft="10" MarginRight="290" IsVisible="@IsAnyValidMemberSelected">
              <Children>
                <Widget DataSource="{CurrentSelectedMember}" WidthSizePolicy="StretchToParent" HeightSizePolicy="StretchToParent">
                  <Children>

                    <!--Lord Visual Model-->
                    <Widget WidthSizePolicy="Fixed" HeightSizePolicy="StretchToParent" SuggestedWidth="465" SuggestedHeight="512">
                      <Children>
                        <!--Selected Character Tableau-->
                        <CharacterTableauWidget DataSource="{HeroModel}" WidthSizePolicy="Fixed" HeightSizePolicy="Fixed" SuggestedWidth="600" SuggestedHeight="1000" VerticalAlignment="Bottom" PositionXOffset="-150" PositionYOffset="100" BannerCodeText="@BannerCodeText" BodyProperties="@BodyProperties" CharStringId="@CharStringId" ClipContents="false" EquipmentCode="@EquipmentCode" IsFemale="@IsFemale" MountCreationKey="@MountCreationKey" StanceIndex="@StanceIndex" ArmorColor1="@ArmorColor1" ArmorColor2="@ArmorColor2" />
                        <Widget WidthSizePolicy="StretchToParent" HeightSizePolicy="Fixed" SuggestedHeight="123" VerticalAlignment="Bottom" PositionYOffset="20" Sprite="Clan\clan_portrait_shadow" IsEnabled="false" />
                      </Children>
                    </Widget>

                    <!--Stats Vertical Container-->
                    <Widget WidthSizePolicy="StretchToParent" HeightSizePolicy="StretchToParent" MarginLeft="300" >
                      <Children>
                        <ListPanel WidthSizePolicy="StretchToParent" HeightSizePolicy="CoverChildren" MarginLeft="20" MarginRight="20" LayoutImp.LayoutMethod="VerticalBottomToTop">
                          <Children>

                            <!--Name-->
                            <ButtonWidget DoNotPassEventsToChildren="true" WidthSizePolicy="CoverChildren" HorizontalAlignment="Center" HeightSizePolicy="CoverChildren" Command.Click="ExecuteRename" IsEnabled="@IsFamilyMember" UpdateChildrenStates="true">
                              <Children>
                                <ListPanel WidthSizePolicy="CoverChildren" HeightSizePolicy="CoverChildren" MarginBottom="15" LayoutImp.LayoutMethod="HorizontalLeftToRight" UpdateChildrenStates="true">
                                  <Children>
                                    <TextWidget WidthSizePolicy="CoverChildren" HeightSizePolicy="CoverChildren" MarginRight="15" Brush="Clan.RightPanel.EditableName.Text" Text="@Name" ClipContents="false" />
                                    <Widget WidthSizePolicy="Fixed" HeightSizePolicy="Fixed" SuggestedHeight="32" SuggestedWidth="32" Brush="SPClan.NameChange.Icon" IsVisible="@IsFamilyMember"/>
                                  </Children>
                                </ListPanel>
                              </Children>
                            </ButtonWidget>
                              

                            <!--Relation-->
                            <RichTextWidget IsHidden="@IsMainHero" WidthSizePolicy="CoverChildren" HeightSizePolicy="Fixed" SuggestedHeight="30" HorizontalAlignment="Center" Brush="Clan.RightPanel.SubName.Text" Text="@RelationToMainHeroText" />
                            
                            <!--Governor Of-->
                            <RichTextWidget IsHidden="@IsMainHero" WidthSizePolicy="CoverChildren" HeightSizePolicy="Fixed" SuggestedHeight="30" HorizontalAlignment="Center" Brush="Clan.RightPanel.SubName.Text" Command.LinkAlternateClick="ExecuteLocationLink" Command.LinkClick="ExecuteLocationLink" Text="@GovernorOfText" ClipContents="false" />
                            
                            <!--Last Seen Location-->
                            <RichTextWidget IsHidden="@IsMainHero" WidthSizePolicy="CoverChildren" HeightSizePolicy="Fixed" SuggestedHeight="30" HorizontalAlignment="Center" Brush="Clan.RightPanel.SubName.Text" Command.LinkAlternateClick="ExecuteLocationLink" Command.LinkClick="ExecuteLocationLink" Text="@LocationText" ClipContents="false" />

                            <!--Margin If We Have Main Hero To Cover Up Last 3 Text Widgets Area, Giving Us Equal Height For Widgets Come After This-->
                            <Widget MarginTop="90" IsVisible="@IsMainHero" />
                            <!--Traits Header-->
                            <TextWidget DataSource="{..}" WidthSizePolicy="CoverChildren" HeightSizePolicy="CoverChildren" HorizontalAlignment="Center" MarginTop="30" Brush="Kingdom.TitleSmall.Text" Text="@TraitsText"/>

                            <!--Traits List-->
                            <ListPanel DataSource="{Traits}" WidthSizePolicy="CoverChildren" HeightSizePolicy="Fixed" SuggestedHeight="75" HorizontalAlignment="Center">
                              <ItemTemplate>
                                <EncyclopediaHeroTraitVisualWidget WidthSizePolicy="Fixed" HeightSizePolicy="Fixed" SuggestedWidth="74" SuggestedHeight="75" MarginLeft="23" MarginRight="23" TraitId="@TraitId" TraitValue="@Value">
                                  <Children>
                                    <HintWidget DataSource="{Hint}" WidthSizePolicy="StretchToParent" HeightSizePolicy="StretchToParent" Command.HoverBegin="ExecuteBeginHint" Command.HoverEnd="ExecuteEndHint" />
                                  </Children>
                                </EncyclopediaHeroTraitVisualWidget>
                              </ItemTemplate>
                            </ListPanel>

                            <!--Divider Between Traits and Skills-->
                            <Widget WidthSizePolicy="StretchToParent" HeightSizePolicy="Fixed" SuggestedHeight="4" PositionXOffset="-3" Sprite="Clan\divider_mid" MarginTop="25"/>

                            <!--Skills Header-->
                            <TextWidget DataSource="{..}" WidthSizePolicy="CoverChildren" HeightSizePolicy="CoverChildren" HorizontalAlignment="Center" Text="@SkillsText" Brush="Kingdom.TitleSmall.Text" MarginTop="15"/>

                            <!--Skills List-->
                            <GridWidget Id="SkillGrid" DataSource="{Skills}" WidthSizePolicy="CoverChildren" HeightSizePolicy="CoverChildren" HorizontalAlignment="Center" MarginTop="20" DefaultCellWidth="70" DefaultCellHeight="90" ColumnCount="9">
                              <ItemTemplate>
                                <SkillIconVisualWidget WidthSizePolicy="Fixed" HeightSizePolicy="Fixed" SuggestedWidth="44" SuggestedHeight="44" SkillId="@SkillId" MarginBottom="20" UseSmallVariation="true" MarginLeft="5">
                                  <Children>
                                    <TextWidget WidthSizePolicy = "StretchToParent" HeightSizePolicy = "Fixed" SuggestedHeight="20" IntText="@SkillValue" VerticalAlignment="Bottom" Brush="Encyclopedia.Skill.Text" Brush.FontSize="20" Brush.FontColor="#F4E1C4FF" PositionYOffset="25"/>
                                    <HintWidget DataSource="{Hint}" HeightSizePolicy ="StretchToParent" WidthSizePolicy="StretchToParent" Command.HoverBegin="ExecuteBeginHint" Command.HoverEnd="ExecuteEndHint"/>
                                  </Children>
                                </SkillIconVisualWidget>
                              </ItemTemplate>
                            </GridWidget>

                            <Widget WidthSizePolicy="StretchToParent" HeightSizePolicy="Fixed" SuggestedHeight="4" PositionXOffset="-3" Sprite="Clan\divider_mid"/>

                          </Children>
                        </ListPanel>
						
						<ListPanel WidthSizePolicy="CoverChildren" HeightSizePolicy="CoverChildren" HorizontalAlignment="Center" VerticalAlignment="Bottom" MarginBottom="192">
                          <Children>
                        
							        <ButtonWidget DoNotPassEventsToChildren="true" WidthSizePolicy="Fixed" SuggestedWidth="180" HeightSizePolicy="Fixed" SuggestedHeight="64" Brush="Popup.Cancel.Button" Command.Click="DoRefleshTraits" >
								     <Children>
									  <TextWidget WidthSizePolicy="StretchToParent" HeightSizePolicy="StretchToParent" Brush="Popup.Button.Text" Text="@ResetTraitsText" />
								      </Children>
							       </ButtonWidget>
							       <ButtonWidget DoNotPassEventsToChildren="true" WidthSizePolicy="Fixed" SuggestedWidth="180" HeightSizePolicy="Fixed" SuggestedHeight="64" Brush="Popup.Cancel.Button" Command.Click="DoRefleshLevel" >
								    <Children>
									  <TextWidget WidthSizePolicy="StretchToParent" HeightSizePolicy="StretchToParent" Brush="Popup.Button.Text" Text="@ResetLevelText" />
								    </Children>
							      </ButtonWidget>
                          </Children>
					  </ListPanel>

                        <!--Action Buttons Container-->
                        <ListPanel WidthSizePolicy="CoverChildren" HeightSizePolicy="CoverChildren" HorizontalAlignment="Center" VerticalAlignment="Bottom" MarginBottom="30">
                          <Children>

                            <Widget DataSource="{..}" WidthSizePolicy="Fixed" HeightSizePolicy="Fixed" SuggestedWidth="251" SuggestedHeight="64" VerticalAlignment="Center">
                              <Children>
                                <HintWidget DataSource="{KickFromClanActionHint}" DoNotAcceptEvents="true" WidthSizePolicy="StretchToParent" HeightSizePolicy="StretchToParent" Command.HoverBegin="ExecuteBeginHint" Command.HoverEnd="ExecuteEndHint" />
                               
							   <ButtonWidget DoNotPassEventsToChildren="true" WidthSizePolicy="StretchToParent" HeightSizePolicy="StretchToParent" Brush="Popup.Cancel.Button" Command.Click="ExecuteKickCurrentMemberFromClan" IsEnabled="@CanKickCurrentMemberFromClan" UpdateChildrenStates="true">
                                  <Children>
                                    <TextWidget WidthSizePolicy="StretchToParent" HeightSizePolicy="StretchToParent" Brush="Popup.Button.Text" Text="@KickFromClanText" />
                                  </Children>
							   </ButtonWidget>
							   
                              </Children>
                            </Widget>
							
							   		

                          </Children>
                        </ListPanel>
                        
                      </Children>
                    </Widget>

                  </Children>
                </Widget>

              </Children>
            </Widget>

            <!--Left Panel-->
            <ListPanel WidthSizePolicy="CoverChildren" HeightSizePolicy="StretchToParent" VerticalAlignment="Bottom" MarginLeft="27" MarginTop="6" MarginBottom="9" Brush="Frame1Brush" LayoutImp.LayoutMethod="VerticalBottomToTop">
              <Children>

                <!--Horizontal Header Section-->
                <ListPanel WidthSizePolicy="CoverChildren" HeightSizePolicy="CoverChildren" RenderLate="true">
                  <Children>

                    <ListPanel WidthSizePolicy="Fixed" HeightSizePolicy="Fixed" SuggestedWidth="!Clan.Header.Width" SuggestedHeight="!Clan.Header.Height" Brush="Clan.Header" RenderLate="true">
                      <Children>
                        <!--Member Name Label-->
                        <TextWidget HeightSizePolicy ="StretchToParent" WidthSizePolicy="StretchToParent" Brush="Clan.LeftPanel.Header.Text" Brush.TextHorizontalAlignment="Left" MarginLeft="25" Text="@NameText"/>
                        <!--Member Location Label-->
                        <TextWidget HeightSizePolicy ="StretchToParent" WidthSizePolicy="StretchToParent" Brush="Clan.LeftPanel.Header.Text" Brush.TextHorizontalAlignment="Right" MarginRight="50" Text="@LocationText" />
                      </Children>
                    </ListPanel>

                    <Widget WidthSizePolicy="Fixed" HeightSizePolicy="Fixed" SuggestedWidth="!Scroll.Header.Width" SuggestedHeight="!Scroll.Header.Height" Brush="Scroll.Header" HorizontalAlignment="Right" />
                  </Children>
                </ListPanel>

                <!--List and Vertical Scrollbar Group-->
                <ListPanel WidthSizePolicy="CoverChildren" HeightSizePolicy="StretchToParent">
                  <Children>

                    <ScrollablePanel Id="ClanElementsScrollablePanel" WidthSizePolicy="CoverChildren" HeightSizePolicy="StretchToParent" MarginLeft="3" MarginBottom="3" AutoHideScrollBars="true" ClipRect="ClanElementsRect" InnerPanel="ClanElementsRect\ClanElementsListPanel" MouseScrollAxis="Vertical" VerticalScrollbar="..\ClanElementsScrollbar\Scrollbar">
                      <Children>

                        <Widget Id="ClanElementsRect" WidthSizePolicy="CoverChildren" HeightSizePolicy="StretchToParent" ClipContents="true">
                          <Children>

                            <ListPanel Id="ClanElementsListPanel" WidthSizePolicy="CoverChildren" HeightSizePolicy="CoverChildren" LayoutImp.LayoutMethod="VerticalBottomToTop">
                              <Children>

                                <!--Family Toggle Button-->
                                <ToggleWidget DoNotPassEventsToChildren="true" WidthSizePolicy="Fixed" HeightSizePolicy="Fixed" SuggestedWidth="!Clan.Management.Collapser.Width" SuggestedHeight="!Clan.Management.Collapser.Height" HorizontalAlignment="Left" VerticalAlignment="Top" Brush="Clan.Management.Collapser" RenderLate="true" WidgetToClose="..\FamilyList">
                                  <Children>
                                    <TextWidget WidthSizePolicy="StretchToParent" HeightSizePolicy="StretchToParent" Brush="Clan.Management.Collapser.Text" Text="@FamilyText" />
                                  </Children>
                                </ToggleWidget>

                                <!--Family List-->
                                <ListPanel Id="FamilyList" DataSource="{Family}" WidthSizePolicy="CoverChildren" HeightSizePolicy="CoverChildren" HorizontalAlignment="Right" LayoutImp.LayoutMethod="VerticalBottomToTop">
                                  <ItemTemplate>
                                    <ClanLordTuple />
                                  </ItemTemplate>
                                </ListPanel>

                                <!--Companion Toggle Button-->
                                <ToggleWidget DoNotPassEventsToChildren="true" WidthSizePolicy="Fixed" HeightSizePolicy="Fixed" SuggestedWidth="!Clan.Management.Collapser.Width" SuggestedHeight="!Clan.Management.Collapser.Height" HorizontalAlignment="Left" VerticalAlignment="Top" Brush="Clan.Management.Collapser" RenderLate="true" WidgetToClose="..\CompanionsList">
                                  <Children>
                                    <TextWidget WidthSizePolicy="StretchToParent" HeightSizePolicy="StretchToParent" Brush="Clan.Management.Collapser.Text" Text="@CompanionsText" />
                                  </Children>
                                </ToggleWidget>

                                <!--Family List-->
                                <ListPanel Id="CompanionsList" DataSource="{Companions}" WidthSizePolicy="CoverChildren" HeightSizePolicy="CoverChildren" HorizontalAlignment="Right" LayoutImp.LayoutMethod="VerticalBottomToTop">
                                  <ItemTemplate>
                                    <ClanLordTuple />
                                  </ItemTemplate>
                                </ListPanel>

                              </Children>
                            </ListPanel>

                          </Children>
                        </Widget>

                      </Children>
                    </ScrollablePanel>

                    <Standard.VerticalScrollbar Id="ClanElementsScrollbar" HeightSizePolicy="StretchToParent" HorizontalAlignment="Right" VerticalAlignment="Bottom" MarginLeft="2" MarginRight="2" MarginBottom="3" />
                  </Children>
                </ListPanel>

              </Children>
            </ListPanel>

          </Children>
        </ListPanel>

      </Children>
    </Widget>
  </Window>
</Prefab>