﻿<Brushes>

  <Brush Name="FaceDetaildCreator.Item.Tuple" >
    <Layers>
      <BrushLayer Sprite="Clan\clan_tuple"  Name="Default"  Color="#FF7CFC00" ColorFactor="1.3"/>
    </Layers>
    <Styles>
      <Style Name="Default">
        <BrushLayer Name="Default"  />
      </Style>
      <Style Name="Hovered">
        <BrushLayer Name="Default" ColorFactor="1.2" Color="#FFFFC0CB"/>
      </Style>
      <Style Name="Selected">
        <BrushLayer Name="Default" ColorFactor="1.5" Color="#FF6495ED" />
      </Style>
      <Style Name="Pressed">
        <BrushLayer Name="Default" ColorFactor="0.9" />
      </Style>
    </Styles>
  </Brush>

  <Brush Name="FaceDetaildCreator.HeroAdminRecord.Item.Tuple" >
    <Layers>
      <BrushLayer Name="Default" Sprite="Clan\clan_tuple" Color="#FFEBC1FF" ColorFactor="1.3"/>
    </Layers>
    <Styles>
      <Style Name="Default">
        <BrushLayer Name="Default"  />
      </Style>
      <Style Name="Hovered">
        <BrushLayer Name="Default" ColorFactor="1.2" Color="#FF6495ED"/>
      </Style>
      <Style Name="Selected">
        <BrushLayer Name="Default" ColorFactor="1.5" Color="#FF6495ED" />
      </Style>
      <Style Name="Pressed">
        <BrushLayer Name="Default" ColorFactor="0.9" />
      </Style>
    </Styles>
  </Brush>
  
  <Brush Name="FaceDetaildCreator.TabControl.Text" Font="Galahad">
    <Styles>
      <Style Name="Default" FontColor="#C6AC8DFF" TextOutlineAmount="0.1" TextGlowRadius="0" TextBlur="0" TextShadowOffset="1" TextShadowAngle="60" FontSize="28" />
      <Style Name="Selected" FontColor="#E6CEA0FF" />
    </Styles>
  </Brush>


</Brushes>
