﻿<Prefab>
  <Window>
    <Widget HeightSizePolicy="StretchToParent"
            WidthSizePolicy="StretchToParent"
            VerticalAlignment="Bottom"
            HorizontalAlignment="Left"
          
            IsVisible="@IsSkillTableSelected"
            UpdateChildrenStates="true">

      <Children>

        <ListPanel  WidthSizePolicy="StretchToParent"    DataSource="{SkillView}"  HeightSizePolicy="CoverChildren"  VerticalAlignment="Center"  LayoutImp.LayoutMethod="VerticalBottomToTop">
          <Children>


            <ListPanel WidthSizePolicy="CoverChildren"  HeightSizePolicy="CoverChildren"  HorizontalAlignment="Center"  MarginLeft="10" >
              <Children>

                <ButtonWidget DoNotPassEventsToChildren="true" WidthSizePolicy="Fixed" Brush="ButtonBrush4" HeightSizePolicy="Fixed" SuggestedWidth="120" SuggestedHeight="50"  Command.Click="ExecuteResetSkill"  UpdateChildrenStates="true">
                  <Children>
                    <TextWidget WidthSizePolicy="StretchToParent" HeightSizePolicy="StretchToParent"  MarginTop="3"  Brush="Popup.Button.Text"  Text="@ResetSkillBtnText" />
                  </Children>
                </ButtonWidget>
 
                <ButtonWidget DoNotPassEventsToChildren="true" WidthSizePolicy="Fixed" Brush="ButtonBrush4" HeightSizePolicy="Fixed" MarginLeft="50" SuggestedWidth="120" SuggestedHeight="50" Command.Click="ExecuteResetFouce"   UpdateChildrenStates="true">
                  <Children>
                    <TextWidget WidthSizePolicy="StretchToParent" HeightSizePolicy="StretchToParent" MarginTop="3"  Brush="Popup.Button.Text"  Text="@ReseFoucsBtnText" />
                  </Children>
                </ButtonWidget>

              </Children>
            </ListPanel>
            
            <Widget Id="PerkSelectionBarContainer"  DataSource="{CurrentSkillView}"  MarginTop="100" WidthSizePolicy="Fixed" HeightSizePolicy="Fixed" SuggestedWidth="1000" SuggestedHeight="185" HorizontalAlignment="Left" VerticalAlignment="Center"  >
              <Children>

                <PerkSelectionBarWidget Id="PerkSelectionBarWidget"  WidthSizePolicy="StretchToParent" HeightSizePolicy="Fixed"  SuggestedHeight="185" FullLearningRateClip="FullLearningRateClipParent" FullLearningRateClipInnerContent="FullLearningRateClipParent\FullLearningRateClip\FullLearningRateClipInnerContent" FullLearningRateLevel="@FullLearningRateLevel" Level="@Level" MaxLevel="@MaxLevel" PercentageIndicatorTextWidget="PercentageIndicatorWidget\PercentageIndicatorTextWidget" PercentageIndicatorWidget="PercentageIndicatorWidget" PerksList="PerksList" ProgressClip="ProgressClip" >
                  <Children>

                    <!--Empty Progress Sprite-->
                    <Widget WidthSizePolicy="StretchToParent" HeightSizePolicy="StretchToParent" Sprite="CharacterDeveloper\progress_bar_empty" IsEnabled="false"/>

                    <!--Full Progress Sprite-->
                    <Widget Id="ProgressClip" WidthSizePolicy="Fixed" HeightSizePolicy="StretchToParent" SuggestedWidth="1000" ClipContents="true" IsEnabled="false">
                      <Children>
                        <Widget WidthSizePolicy="Fixed" HeightSizePolicy="StretchToParent" SuggestedWidth="1000" Brush="ProgressBarFillBrush" />
                      </Children>
                    </Widget>

                    <!--Full Learning Rate Sprite-->
                    <Widget Id="FullLearningRateClipParent" WidthSizePolicy="Fixed" HeightSizePolicy="StretchToParent" IsEnabled="false">
                      <Children>
                        <Widget Id="FullLearningRateClip" WidthSizePolicy="StretchToParent" HeightSizePolicy="StretchToParent"  ClipContents="true">
                          <Children>
                            <Widget Id="FullLearningRateClipInnerContent" WidthSizePolicy="Fixed" HeightSizePolicy="StretchToParent" SuggestedWidth="1000" Brush="ProgressBar.LearningRate.FillBrush" />
                          </Children>
                        </Widget>

                        <ValueBasedVisibilityWidget WidthSizePolicy="Fixed" HeightSizePolicy="Fixed" SuggestedWidth="40" SuggestedHeight="70" Sprite="CharacterDeveloper\indicator" Brush.Color="#ADAD49FF" IndexToBeVisibleFloat="1" WatchType="BiggerThanEqual" IndexToWatchFloat="@LearningRate"  PositionXOffset="19" PositionYOffset="46" HorizontalAlignment="Right" VerticalAlignment="Bottom"/>
                      </Children>
                    </Widget>

                    <ListPanel Id="PercentageIndicatorWidget"   WidthSizePolicy="CoverChildren" HeightSizePolicy="CoverChildren" PositionYOffset="-97" IsEnabled="false" LayoutImp.LayoutMethod="VerticalBottomToTop">
                      <Children>
                        <!--Perk Level Text-->
                        <TextWidget Id="PercentageIndicatorTextWidget" WidthSizePolicy="CoverChildren" HeightSizePolicy="CoverChildren" HorizontalAlignment="Center" VerticalAlignment="Top" PositionYOffset="10" Brush="CharacterDeveloper.CurrentSkill.Value.Text" IntText="@Level" IsEnabled="@CanLearnSkill"/>

                        <!--Perk Level Vertical Line-->
                        <Widget WidthSizePolicy="Fixed" HeightSizePolicy="Fixed" SuggestedWidth="31" SuggestedHeight="240" HorizontalAlignment="Center" VerticalAlignment="Center" Sprite="CharacterDeveloper\progress_bar_stick" Brush.ColorFactor="1.5" />
                      </Children>
                    </ListPanel>

                    <ListPanel WidthSizePolicy="StretchToParent" HeightSizePolicy="StretchToParent" LayoutImp.LayoutMethod="HorizontalSpaced" IsEnabled="false" MarginLeft="30" MarginRight="30">
                      <Children>
                        <Widget WidthSizePolicy="Fixed" HeightSizePolicy="StretchToParent" SuggestedWidth="1" Sprite="BlankWhiteSquare" Brush.AlphaFactor="0.0" />
                        <Widget WidthSizePolicy="Fixed" HeightSizePolicy="StretchToParent" SuggestedWidth="1" Sprite="BlankWhiteSquare" Brush.AlphaFactor="0.2" />
                        <Widget WidthSizePolicy="Fixed" HeightSizePolicy="StretchToParent" SuggestedWidth="1" Sprite="BlankWhiteSquare" Brush.AlphaFactor="0.2" />
                        <Widget WidthSizePolicy="Fixed" HeightSizePolicy="StretchToParent" SuggestedWidth="1" Sprite="BlankWhiteSquare" Brush.AlphaFactor="0.0" />
                      </Children>
                    </ListPanel>

                    <Widget Id="PerksList" DataSource="{Perks}" WidthSizePolicy="StretchToParent" HeightSizePolicy="StretchToParent" DoNotAcceptEvents="true" >
                      <ItemTemplate>
                        <PerkItemWidget DoNotPassEventsToChildren="true" WidthSizePolicy="Fixed" HeightSizePolicy="Fixed" SuggestedWidth="30" SuggestedHeight="86" AlternativeType="@AlternativeType" Command.Click="ExecuteStartSelection" Command.AlternateClick="ExecuteShowPerkConcept" PerkState="@PerkState" Level="@Level" PerkVisualWidgetParent="PerkVisualWidgetParent" PerkVisualWidget="PerkVisualWidgetParent\PerkVisualWidget" NotEarnedPerkBrush="CharacterDeveloper.NotEarnedPerkBrush" EarnedNotSelectedPerkBrush="CharacterDeveloper.EarnedNotSelectedPerkBrush" InSelectionPerkBrush="CharacterDeveloper.InSelectionPerkBrush" EarnedActivePerkBrush="CharacterDeveloper.EarnedActivePerkBrush" EarnedNotActivePerkBrush="CharacterDeveloper.EarnedNotActivePerkBrush" EarnedPreviousPerkNotSelectedPerkBrush="CharacterDeveloper.EarnedNotSelectedFollowingPerk.Brush" UpdateChildrenStates="true">
                          <Children>

                            <Widget Id="PerkVisualWidgetParent" WidthSizePolicy="Fixed" HeightSizePolicy="Fixed" SuggestedWidth="80" SuggestedHeight="86" HorizontalAlignment="Center" VerticalAlignment="Center" >
                              <Children>
                                <Widget Id="PerkVisualWidget" WidthSizePolicy="Fixed" HeightSizePolicy="Fixed" SuggestedWidth="30" SuggestedHeight="30" HorizontalAlignment="Center" MarginTop="23"  Sprite="@PerkId" Brush.ValueFactor="-100" />
                              </Children>
                            </Widget>

                            <HintWidget DataSource="{Hint}" WidthSizePolicy="StretchToParent" HeightSizePolicy="StretchToParent" Command.HoverBegin="ExecuteBeginHint" Command.HoverEnd="ExecuteEndHint" />
                          </Children>
                        </PerkItemWidget>
                      </ItemTemplate>
                    </Widget>
                  </Children>
                </PerkSelectionBarWidget>
              </Children>
            </Widget>

            <HeroAdminSkillAndFouseSet DataSource="{CurrentSkillView}"  MarginTop="30"/>

            <!--Skills Grid-->
            <GridWidget DataSource="{Skills}" WidthSizePolicy="CoverChildren" MarginTop="8"  HeightSizePolicy="CoverChildren" DefaultCellWidth="178" DefaultCellHeight="138" ColumnCount="6" MarginLeft="11.558">
              <ItemTemplate>
                <SkillGridItem VerticalAlignment="Top" HorizontaAlignment="Center" />
              </ItemTemplate>
            </GridWidget>


          </Children>
        </ListPanel>



      </Children>
    </Widget>
  </Window>
</Prefab>