﻿<Prefab>
    <Window>
        <ButtonWidget WidthSizePolicy="StretchToParent" HeightSizePolicy="Fixed"   SuggestedHeight="140" Brush="FaceDetaildCreator.HeroAdminRecord.Item.Tuple" Command.Click="OnRecordSelected" IsSelected="@IsSelected">
            <Children>

              <Widget WidthSizePolicy="StretchToParent" HeightSizePolicy="StretchToParent" DoNotAcceptEvents="true"  RenderLate="true"  MarginBottom="10"  MarginTop="10" MarginLeft="10"  MarginRight="10">
                <Children>
              
                <ListPanel WidthSizePolicy="CoverChildren"  HorizontalAlignment="Left"  HeightSizePolicy="StretchToParent" DoNotAcceptEvents="true"  RenderLate="true"  LayoutImp.LayoutMethod="VerticalBottomToTop">
                    <Children>
                      <TextWidget WidthSizePolicy="CoverChildren"  VerticalAlignment="Center" HorizontalAlignment="Center"  Brush.FontSize="25"  HeightSizePolicy="CoverChildren" Brush="Clan.Tuple.Name.Text" Text="@DisplayName" DoNotAcceptEvents="true" />
                      <ImageIdentifierWidget DataSource="{Visual}" VerticalAlignment="Center" HorizontalAlignment="Center" WidthSizePolicy="Fixed" HeightSizePolicy="Fixed" SuggestedWidth="120" SuggestedHeight="80"  AdditionalArgs="@AdditionalArgs" ImageId="@Id" ImageTypeCode="@ImageTypeCode" DoNotAcceptEvents="true"  RenderLate="true" />
                    </Children>
                </ListPanel>

              <!--Skills List-->
              <GridWidget Id="SkillGrid" DataSource="{Skills}" HorizontalAlignment="Right"  VerticalAlignment="Center" WidthSizePolicy="CoverChildren" HeightSizePolicy="CoverChildren"   DefaultCellWidth="42" DefaultCellHeight="42" ColumnCount="6">
                <ItemTemplate>
                  <SkillIconVisualWidget WidthSizePolicy="Fixed" HeightSizePolicy="Fixed" SuggestedWidth="40" SuggestedHeight="40" SkillId="@SkillId" MarginBottom="2" UseSmallVariation="true" MarginLeft="2">
                    <Children>
                      <TextWidget WidthSizePolicy = "StretchToParent" HeightSizePolicy = "Fixed" SuggestedHeight="20" IntText="@SkillValue" VerticalAlignment="Center" Brush="Encyclopedia.Skill.Text" Brush.FontSize="20" Brush.FontColor="#F4E1C4FF" />

                      <HintWidget DataSource="{Hint}" HeightSizePolicy ="StretchToParent" WidthSizePolicy="StretchToParent" Command.HoverBegin="ExecuteBeginHint" Command.HoverEnd="ExecuteEndHint"/>
                    </Children>
                  </SkillIconVisualWidget>
               
                </ItemTemplate>
              </GridWidget>
                </Children>
              </Widget>

            </Children>
        </ButtonWidget>
    </Window>

</Prefab>